Workbook

Sheet Dashboard
B2: GEORGIA STATE ELECTION BOARD — MEETINGS DASHBOARD
B3: Tracking SEB meetings, agendas, decisions, compliance & controversies — Jan 2025 onward
B5: TOTAL MEETINGS | E5: SPECIAL CALLED | H5: COMPLIANCE FLAGS | K5: ACTIVE CONTROVERSIES
B6: =COUNTA(Meetings!B6:B100) -> 17 | E6: =COUNTIF(Meetings!E6:E100,"*Special*") -> 3 | H6: =COUNTIFS(Meetings!N6:N100,"<>Compliant",Meetings!N6:N100,"<>") -> 1 | K6: =COUNTIF(Controversies!E6:E100,"Active") -> 6
B8: MEETING CADENCE & COMPLIANCE
B10: Month | C10: Meetings | E10: Compliance Status | F10: Count
B11: Jan 2025 | C11: =SUMPRODUCT((YEAR(Meetings!C6:C100)=2025)*(MONTH(Meetings!C6:C100)=1)) -> 0 | E11: Compliant | F11: =COUNTIF(Meetings!N6:N100,"Compliant") -> 16
B12: Feb 2025 | C12: =SUMPRODUCT((YEAR(Meetings!C6:C100)=2025)*(MONTH(Meetings!C6:C100)=2)) -> 1 | E12: Notice Concerns | F12: =COUNTIF(Meetings!N6:N100,"Notice Concerns") -> 1
B13: Mar 2025 | C13: =SUMPRODUCT((YEAR(Meetings!C6:C100)=2025)*(MONTH(Meetings!C6:C100)=3)) -> 0 | E13: Other Concerns | F13: =COUNTIFS(Meetings!N6:N100,"<>Compliant",Meetings!N6:N100,"<>Notice Concerns",Meetings!N6:N100,"<>") -> 0
B14: Apr 2025 | C14: =SUMPRODUCT((YEAR(Meetings!C6:C100)=2025)*(MONTH(Meetings!C6:C100)=4)) -> 0
B15: May 2025 | C15: =SUMPRODUCT((YEAR(Meetings!C6:C100)=2025)*(MONTH(Meetings!C6:C100)=5)) -> 2
B16: Jun 2025 | C16: =SUMPRODUCT((YEAR(Meetings!C6:C100)=2025)*(MONTH(Meetings!C6:C100)=6)) -> 0
B17: Jul 2025 | C17: =SUMPRODUCT((YEAR(Meetings!C6:C100)=2025)*(MONTH(Meetings!C6:C100)=7)) -> 1
B18: Aug 2025 | C18: =SUMPRODUCT((YEAR(Meetings!C6:C100)=2025)*(MONTH(Meetings!C6:C100)=8)) -> 0
B19: Sep 2025 | C19: =SUMPRODUCT((YEAR(Meetings!C6:C100)=2025)*(MONTH(Meetings!C6:C100)=9)) -> 1
B20: Oct 2025 | C20: =SUMPRODUCT((YEAR(Meetings!C6:C100)=2025)*(MONTH(Meetings!C6:C100)=10)) -> 1
B21: Nov 2025 | C21: =SUMPRODUCT((YEAR(Meetings!C6:C100)=2025)*(MONTH(Meetings!C6:C100)=11)) -> 2
B22: Dec 2025 | C22: =SUMPRODUCT((YEAR(Meetings!C6:C100)=2025)*(MONTH(Meetings!C6:C100)=12)) -> 2
B23: Jan 2026 | C23: =SUMPRODUCT((YEAR(Meetings!C6:C100)=2026)*(MONTH(Meetings!C6:C100)=1)) -> 1
B24: Feb 2026 | C24: =SUMPRODUCT((YEAR(Meetings!C6:C100)=2026)*(MONTH(Meetings!C6:C100)=2)) -> 2
B25: Mar 2026 | C25: =SUMPRODUCT((YEAR(Meetings!C6:C100)=2026)*(MONTH(Meetings!C6:C100)=3)) -> 1
B26: Apr 2026 | C26: =SUMPRODUCT((YEAR(Meetings!C6:C100)=2026)*(MONTH(Meetings!C6:C100)=4)) -> 2
B27: May 2026 | C27: =SUMPRODUCT((YEAR(Meetings!C6:C100)=2026)*(MONTH(Meetings!C6:C100)=5)) -> 1
B34: HOW TO USE
B35: • Meetings tab — sortable/filterable table of every meeting with date, type, agenda, decisions, video link, compliance flag, and controversies.
B36: • Controversies tab — detailed log of FBI Fulton raid, Open Meetings Act lawsuits, hand-count rule, SB 189 / QR-code ban, and other ongoing disputes.
B37: • Sources tab — citation list with URLs to official SEB resources, watchdog filings, and news coverage.
B38: • Update Script tab — instructions and code for the standalone update_meetings.py automation that fetches new meetings.
B39: • All KPI tiles and charts recalc automatically when rows are added to the Meetings table. To add a meeting, append a new row at row 6 (top of table) and re-sort.

Sheet Meetings
B2: MEETINGS — Jan 2025 onward
B5: # | C5: Date | D5: Day | E5: Type | F5: Format | G5: Chair | H5: Members Present | I5: Quorum | J5: Agenda Summary | K5: Key Decisions | L5: Video Link | M5: Source / Notes Link | N5: Open Mtgs Compliance | O5: Compliance Notes | P5: Controversies | Q5: Hours
B6: 1 | C6: 46156 | D6: Thu | E6: Special Called | F6: Zoom + YouTube | G6: Janice Johnston (Vice Chair, Acting) | H6: Johnston, Grubbs, King; Ghazal (partial, joined after 2nd vote) | I6: Yes (3, then 4) | J6: Special called meeting; Chairman Fervier absent. ED Mills report and three personnel/program votes; dropbag oversight discussion (Fulton 22 added sites); election-night reporting oversight; Grubbs presented 3 temporary rule proposals (183-1-11-.01 Ballot Secrecy; 183-1-12-.01 Conduct of Elections; 183-1-15-.02 Definition of Vote) + 1 permanent proposal (183-1-12-.11) — no vote taken. | K6: Appointed Hope Cohen as Deputy Director (3-0). Approved virtual licensed PI Pilot Program (~$250K, ED Mills oversight) 2-1 (Grubbs nay). Data-analyst contract (~$50K) FAILED 2-2 (Johnston/King yea; Grubbs/Ghazal nay). Authorized ED to obtain independent legal counsel on SEB oversight of election-night reporting (3-0, Ghazal abstained). Rule petitions deferred — no vote. | L6: Watch | M6: Source | N6: Compliant | O6: Special called notice provided; live-streamed via Zoom + YouTube; minutes maintained. Temporary rule proposals presented but not voted (no quorum view + Chairman opposed by email); deferred to June meeting. | P6: Johnston alleges SOS HR obstructing SEB hiring and leaking applicant info to AJC; raised possibility of ethics complaint. Johnston public advice not to vote absentee unless necessary. Grubbs/King challenge SOS denial of SEB observer role for election-night reporting (Grubbs: 'if you have nothing to hide, you hide nothing'; King: government 'paid for by the people' should be transparent). Fulton 22-site dropbag program halted day of meeting. Three temporary rule petitions presented without statutory emergency finding under OCGA 50-13-4(b); Definition-of-Vote rule references statute not yet effective; Chairman Fervier emailed opposition. Likely another special meeting before June 3-4.
B7: 2 | C7: 46134 | D7: Wed | E7: Special Called | F7: Zoom + YouTube | G7: John Fervier | H7: Fervier, Grubbs, King, Gazaal, Johnston | I7: Yes | J7: Two rule petitions heard. CGG petition (rules 183-1-15-.02, 183-1-2-.01, 183-1-12-.11) on definition of a vote and backup paper-ballot plan; old business discussion from member Grubbs; ED added late agenda item. | K7: Voted 3-2 to hold a working meeting next week with Coalition for Good Governance on hand-marked paper ballots; petitioners objected on the record that 20-minute presentation cap was inadequate. | L7: Watch | M7: Source | N7: Notice Concerns | O7: Petitioners reserved objection that staff notice may have been inadequate; meeting hastily convened online after SB 214 failed in legislature. | P7: SB 189 / QR-code ban; hand-marked paper ballots; CGG petition; legislative deadlock (SB 214 failed) | Q7: 3.7
B8: 3 | C8: 46127 | D8: Wed | E8: Regular | F8: In-person + YouTube | G8: John Fervier | H8: Fervier, Grubbs, King, Johnston | I8: Yes | J8: Discussion of looming July 1, 2026 QR-code ban (SB 189); Blake Evans (SOS Elections Director) no-show; counties seeking guidance on transition. | K8: Board signaled need for special meeting on SB 189 implementation; deferred final action; pressed SOS office for written guidance. | L8: Watch | M8: Source | N8: Compliant | O8: Public comment period; minutes maintained; agenda posted in advance. | P8: SB 189 implementation uncertainty; FBI Fulton raid amicus brief filing concerns | Q8: 1.3
B9: 4 | C9: 46099 | D9: Wed | E9: Regular | F9: In-person + YouTube | G9: John Fervier | H9: Fervier, Grubbs, King, Johnston | I9: Yes | J9: Approval of Feb 18 minutes; cases for dismissal and possible violation; Blake Evans no-show again; rule petition discussion. | K9: Multiple case dismissals; continuances issued where SOS still investigating; no major rule adoption. | L9: Watch | M9: Source | N9: Compliant | O9: Standard notice; minutes approved; live-streamed. | P9: SOS office relations strained; Blake Evans absence | Q9: 2
B10: 5 | C10: 46072 | D10: Thu | E10: Regular (Day 2) | F10: In-person + YouTube | G10: John Fervier | H10: Fervier, Grubbs, King, Johnston | I10: Yes | J10: Continuation of Feb 18 agenda; approval of Oct 22, 2025 and Nov 12, 2025 minutes; remaining cases. | K10: Minutes approved for Oct 22/Nov 12 2025; additional case dispositions including continuances and dismissals. | L10: Watch | N10: Compliant | O10: Day-2 continuation; 24-hr notice maintained; record kept by court reporter. | P10: FBI Fulton raid fallout — first SEB meeting after Jan FBI seizure | Q10: 3.8
B11: 6 | C11: 46071 | D11: Wed | E11: Regular (Day 1) | F11: In-person + YouTube | G11: John Fervier | H11: Fervier, Grubbs, King, Johnston | I11: Yes | J11: First SEB meeting since FBI Fulton raid; cases including Cook County (vote-buying), Elbert (incorrect ballot), Fulton (fraudulent registration), Fulton non-citizen voting (SCB 2024-171); America PAC pre-filled AB applications (SCB 2024-151). | K11: Dismissed SCB 2024-130, 2025-012, 2023-045, 2024-191; letter of reprimand to America PAC for OCGA 21-2-381 violations; Fulton non-citizen case discussion. | L11: Watch | M11: Source | N11: Compliant | O11: Notice posted; quorum present in person; minutes recorded. | P11: FBI Fulton raid (Jan 2026, 700 boxes seized); SEB amicus brief in Pitts v. United States | Q11: 10.5
B12: 7 | C12: 46043 | D12: Wed | E12: Regular | F12: In-person + YouTube | G12: John Fervier | H12: Fervier, Grubbs, King, Johnston | I12: Yes | J12: 11-hour marathon meeting; voter data sharing with US DOJ; recommendation to eliminate absentee drop boxes; public-comment chilling motion (later withdrawn); SB 189 hearing preview. | K12: Passed resolution urging SOS to share GA voter registration data with DOJ; passed resolution recommending GA General Assembly eliminate absentee drop boxes statewide; tabled motion that critics called intimidation of public commenters. | M12: Source | N12: Compliant | O12: Notice met; livestreamed; lengthy public comment. | P12: DOJ voter-data sharing dispute with SOS; drop-box elimination recommendation; alleged intimidation motion | Q12: 11
B13: 8 | C13: 46001 | D13: Wed | E13: Regular (Day 2) | F13: In-person + YouTube | G13: Janice Johnston (Vice Chair, Acting) | H13: Johnston, Grubbs, King | I13: Yes (3 of 5) | J13: Hearing of public comments on petition for rule change (defining 'impossible/impracticable' for emergency ballots); cases bound over to AG; double-voting cases. | K13: Bound several cases to AG for fines; rule petition deferred for further consideration; opposition urged board to vote no on proposed rule citing Eternal Vigilance ruling. | L13: Watch | N13: Compliant | O13: Notice met; quorum of 3; vice chair presided in chairman's absence. | P13: Chairman Fervier absent and not communicating; rule allegedly exceeds SEB authority per Eternal Vigilance | Q13: 6.6
B14: 9 | C14: 46000 | D14: Tue | E14: Regular (Day 1) | F14: In-person + YouTube | G14: Janice Johnston (Vice Chair, Acting) | H14: Johnston, Grubbs, King | I14: Yes (3 of 5) | J14: Approval of minutes; SOS investigations report; rule petition first reading on emergency ballot definitions tied to SB 189. | K14: Continued petition consideration; received status update on 250 SOS-completed cases delivered two months prior. | L14: Watch | M14: Source | N14: Compliant | O14: Notice met; minutes approved; live-streamed. | P14: QR-code/SB 189 transition rule petition — same one challenged by opponents | Q14: 7
B15: 10 | C15: 45974 | D15: Thu | E15: Special Called | F15: Zoom + YouTube | G15: John Fervier | H15: Fervier, Grubbs, King, Johnston | I15: Yes | J15: Special called meeting to consider two rule petitions. | K15: Petitions heard and discussed; advanced to next regular meeting for further action. | L15: Watch | N15: Compliant | O15: Special called notice provided; live-streamed. | P15: Rule-making process scrutiny | Q15: 1.4
B16: 11 | C16: 45973 | D16: Wed | E16: Regular | F16: In-person + YouTube | G16: John Fervier | H16: Fervier, Grubbs, King, Johnston | I16: Yes | J16: Cases and case dismissals; rule discussion; minutes from prior meeting. | K16: Multiple case dispositions; advanced rule petition to Dec meeting. | L16: Watch | N16: Compliant | O16: Standard notice; minutes maintained. | Q16: 4
B17: 12 | C17: 45952 | D17: Wed | E17: Regular | F17: In-person + YouTube | G17: John Fervier | H17: Fervier, Grubbs, King, Johnston | I17: Yes | J17: Initial presentation of emergency-ballot rule petition; cases. | K17: Rule petition received first hearing; some board members questioned authority; advanced for further deliberation. | L17: Watch | N17: Compliant | O17: Notice met; minutes later approved at Feb 19, 2026 meeting. | P17: GA Court of Appeals ruling Oct 28, 2025 reversing dismissal of Open Meetings Act lawsuit (American Oversight v. SEB) | Q17: 5
B18: 13 | C18: 45923 | D18: Tue | E18: Regular | F18: In-person + YouTube | G18: John Fervier | H18: Fervier, Grubbs, King, Johnston | I18: Yes | J18: Approval of July 23 executive session minutes and July 29-30 meeting minutes; cases. | K18: Routine minute approvals; case dispositions. | L18: Watch | N18: Compliant | O18: Notice met; executive session minutes approved. | Q18: 5
B19: 14 | C19: 45867 | D19: Tue | E19: Regular | F19: In-person + YouTube | G19: John Fervier | H19: Fervier, Grubbs, King, Johnston | I19: Yes | J19: Reformatted agenda — long-distance respondents heard Day 1, Atlanta-area Day 2; AG report; consent orders including Straden/Graven County ($500 civil penalty). | K19: Consent order against Graven County BOE (cease & desist + training + $500 fine); multiple AG case acceptances (3-0); cases SCB 2020-147, 2020-201 acted on. | L19: Watch | N19: Compliant | O19: Notice met; public comment moved to end of each day at member request. | Q19: 6.2
B20: 15 | C20: 45791 | D20: Wed | E20: Regular (Day 2) | F20: In-person + YouTube | G20: John Fervier | H20: Fervier, King, Johnston | I20: Yes | J20: DeKalb County cases heard first by attorney request; SCB 2022-369 (rollover absentee), SCB 2024-062 (VR fraud), SCB 2024-156 (Emory Voting Initiative TPO registrations). | K20: Dismissed SCB 2022-369 (3-0); dismissed SCB 2024-062 with letter to DeKalb on registrant status; continued SCB 2024-156 with directive to investigate TPO practices and request Emory response at future meeting. | L20: Watch | N20: Compliant | O20: Notice met; quorum present; minutes maintained. | P20: Third-party voter registration org concerns; DDS automatic registration concerns | Q20: 5.7
B21: 16 | C21: 45790 | D21: Tue | E21: Regular (Day 1) | F21: In-person + YouTube | G21: John Fervier | H21: Fervier, King, Johnston | I21: Yes | J21: Day 1 agenda; cases for long-distance respondents prioritized. | K21: Various case dispositions; chaotic scheduling acknowledged for future improvement. | N21: Compliant | O21: Notice met; minutes later approved at July 29, 2025 meeting. | Q21: 5
B22: 17 | C22: 45713 | D22: Tue | E22: Regular | F22: Virtual (Zoom + YouTube) | G22: John Fervier | H22: Fervier, Johnston, King, Gazaal, Jeffares | I22: Yes | J22: Full agenda; first 2025 livestreamed meeting; cases. | K22: Routine case dispositions; agenda continued to next day if needed. | L22: Watch | N22: Compliant | O22: Notice met; livestreamed. | Q22: 7.8

Sheet Controversies
B2: CONTROVERSIES — FBI raid, rule changes, lawsuits
B5: # | C5: Issue | D5: Date | E5: Status | F5: Description | G5: Latest Action / Posture | H5: Primary Source
B6: 1 | C6: FBI Fulton County Raid (Jan 2026) | D6: 2026-01 | E6: Active | F6: FBI executed search warrant at Fulton County Elections Hub & Operations Center, seizing ~700 boxes of 2020 election records including original ballots, tabulator tapes, and personal voter data. Investigation tied to alleged 2020 'deficiencies'. | G6: Fulton BOC sued federal government to retrieve ballots; SEB members Johnston/King/Grubbs filed amicus brief in Pitts v. United States supporting Trump-administration seizure — without public SEB vote. | H6: Source
B7: 2 | C7: SEB Members' Amicus Brief (Apr 2026) | D7: 2026-04 | E7: Active | F7: Three SEB members (Johnston, King, Grubbs) filed amicus brief in Pitts v. United States supporting FBI seizure, using official titles, without public SEB vote or noticed meeting. | G7: American Oversight sent demand letter Apr 14, 2026 alleging Open Meetings Act violation (gathering of quorum without notice) and improper use of board authority. | H7: Source
B8: 3 | C8: Hand-Count Rule Permanently Blocked | D8: 2025-06-10 | E8: Resolved | F8: GA Supreme Court upheld lower-court ruling permanently blocking SEB rule requiring hand-counting of ballots at polling places before tabulation. Court found SEB exceeded statutory authority. | G8: Eternal Vigilance Action, Inc. v. Georgia — confirmed SEB cannot rewrite procedures without legislative approval. Now central precedent in 2025-26 rule-petition debates. | H8: Source
B9: 4 | C9: Open Meetings Act Lawsuit (Jul 12 2024 meeting) | D9: 2025-10-28 | E9: Active | F9: American Oversight challenged July 12, 2024 SEB meeting where 3 members (Johnston, Jeffares, King) allegedly held meeting without public notice or proper quorum (one member by video) to push GOP-coordinated rule changes. | G9: GA Court of Appeals reversed trial court dismissal Oct 28, 2025, ruling Open Meetings Act itself waives sovereign immunity. Civil penalties sought against three members; case proceeds in trial court. | H9: Source
B10: 5 | C10: SB 189 / QR-Code Ban Implementation | D10: 2026-04 | E10: Active | F10: SB 189 prohibits QR codes for vote tabulation effective July 1, 2026. SB 214 (move deadline to 2028) failed in House (132-39 vote) April 2026. Counties without clear transition guidance. | G10: Coalition for Good Governance petitioned SEB to invoke statutory backup paper-ballot plan under OCGA 21-2-281 / 21-2-334. April 22, 2026 special meeting voted 3-2 to hold working session with petitioners. | H10: Source
B11: 6 | C11: Drop-Box Elimination Resolution | D11: 2026-01-21 | E11: Active | F11: SEB passed resolution recommending GA General Assembly permanently eliminate absentee ballot drop boxes statewide and further restrict where absentee ballots may be returned. | G11: Common Cause Georgia and voting-rights groups oppose; resolution is recommendation only, requires legislative action. | H11: Source
B12: 7 | C12: DOJ Voter Data Sharing Dispute | D12: 2026-01-21 | E12: Active | F12: SEB voted to encourage SOS Raffensperger to share GA voter registration data with US DOJ. SOS publicly refused, citing voter-privacy law. | G12: Common Cause is suing DOJ over the underlying data request. SEB-SOS rift over data access continues into 2026. | H12: Source
B13: 8 | C13: Johnston Public Records Settlement | D13: 2025-11 | E13: Resolved | F13: American Oversight settled separate lawsuit against SEB and member Johnston, resolving claims that Johnston significantly delayed public-records responses by refusing SEB staff access to her official emails before 2024 election. | G13: Settlement terms not fully public; lawsuit closed. | H13: Source

Sheet Sources
B2: SOURCES & CITATIONS
B5: # | C5: Source | D5: Type | E5: URL | F5: Notes
B6: 1 | C6: Georgia State Election Board YouTube Channel | D6: Primary | E6: https://www.youtube.com/@georgiastateelectionboard | F6: Official livestreams and meeting recordings
B7: 2 | C7: GA Secretary of State – SEB page | D7: Primary | E7: https://sos.ga.gov/state-election-board | F7: Official SEB landing page, agendas, minutes
B8: 3 | C8: American Oversight | D8: Watchdog | E8: https://americanoversight.org/ | F8: Open Meetings Act litigation and demand letters
B9: 4 | C9: Democracy Docket | D9: Watchdog | E9: https://www.democracydocket.com/cases/georgia-state-election-board-meeting-challenge/ | F9: Lawsuit tracker
B10: 5 | C10: ACLU of Georgia | D10: Civil Rights | E10: https://www.aclu.org/press-releases/georgia-supreme-court-upholds-block-on-hand-counting-rule-in-major-win-for-voters | F10: Eternal Vigilance ruling coverage
B11: 6 | C11: Lawyers' Committee for Civil Rights Under Law | D11: Civil Rights | E11: https://www.lawyerscommittee.org/court-blocks-georgias-new-hand-counting-rule-in-victory-for-voters/ | F11: Hand-count rule litigation
B12: 7 | C12: Common Cause Georgia (via Third Act) | D12: Watchdog | E12: https://thirdact.org/georgia/2026/01/23/state-elections-board-meeting-on-jan-21-2026/ | F12: Jan 21 2026 meeting recap
B13: 8 | C13: FOX 5 Atlanta | D13: News | E13: https://www.fox5atlanta.com/news/georgia-election-board-meeting-fb-raid-fallout | F13: FBI raid coverage
B14: 9 | C14: ABC News | D14: News | E14: https://abcnews.com/Politics/fbi-conducting-court-ordered-activity-georgia-election-site/story?id=129644345 | F14: FBI raid
B15: 10 | C15: PBS NewsHour | D15: News | E15: https://www.pbs.org/newshour/show/fbi-documents-show-what-led-to-raid-of-georgia-elections-office | F15: FBI raid documents
B16: 11 | C16: Rough Draft Atlanta | D16: News | E16: https://roughdraftatlanta.com/2026/04/23/georgia-election-hand-marked-ballots/ | F16: Apr 22 2026 special meeting
B17: 12 | C17: Savannah Agenda | D17: News | E17: https://savannahagenda.com/georgia-faces-election-uncertainty-as-qr-code-ban-takes-effect-july-1/ | F17: SB 189 implementation
... B20: 15 | C20: GA SEB Special Meeting — May 14, 2026 (agenda + recording) | D20: Primary | E20: https://sos.ga.gov/sites/default/files/2026-05/agenda_-_seb_special_called_meeting_-_may_14_2026.pdf | F20: Agenda PDF; recording at youtube.com/live/uGWdZ-DmGDA

Sheet Update Script
B2: AUTOMATED UPDATE — update_meetings.py
B4: How it works
B5: • A standalone Python script (update_meetings.py) is delivered alongside this workbook.
B6: • It pulls the latest videos from the Georgia State Election Board YouTube channel and the SEB page on sos.ga.gov, parses meeting dates, and appends any meetings missing from this workbook.
B7: • Run it from a terminal: python update_meetings.py /path/to/this_workbook.xlsx
B8: • It edits the Meetings tab in place — adds new rows at the top (row 6), preserves formulas, and writes back. The Dashboard tab recalcs automatically when you open the file.
B10: Requirements
B11: • Python 3.9+
B12: • pip install openpyxl requests beautifulsoup4 feedparser
B13: • No API key required — uses YouTube channel RSS feed and the public SEB website.
B15: Schedule it
B16: • macOS / Linux (cron): 0 8 * * MON /usr/bin/python3 /path/to/update_meetings.py /path/to/dashboard.xlsx
... B26: • You can run with --dry-run to preview new meetings without writing.
